﻿"ACB#","CARR BKG","VSL","VOY","SCAC","CARR contract","CARR SVC","Carrier Booking Office","NVO uCarr","ETD","DISC ETA","DEST ETA","POL","DISC","DEST","AVOY#","BKG LOAD TYPE","CARR BKG CFM","CARR BKG STS UPDATE","CARR BKG submit","CUST","Issue Create","L.Relay","L.Relay ETD","Last updated","POR","std TEU booked","std TEU confirmed","std TEU Variance","TEU Variance","VOL (CBM)","WT (KG)","DELETED IN ACS","NVO Carr Issue","NVO Carr Issue Remark","Remarks","CREF1","CREF2","CREF3","CARR SVC TYPE","CARR BKG STS","CARR SUBMIT STS","Issue Code","ATD"
"ACB161093","24051013168861","EVER OUTDO","0373-031N","EGLV - EVERGREEN LINE TA","","","SEM - PT. APL LOGISTICS","","06/17/2024","07/27/2024","07/30/2024","SEM - SEMARANG, ID","SAV - SAVANNAH, GA, US","ATL - ATLANTA, GA, US","308826","APLL","05/14/2024 22:34","05/21/2024 19:28","05/21/2024 19:28","DICKS - DICK'S SPORTING GOODS, INC.","05/21/2024 19:28","SIN","06/12/2024 00:00","05/26/2024 07:13","SEM","                       0.000","                       0.000","                       0.000","                       0.000","                       4.429","                     603.000","","","","WAITING CONNECTED VESSEL APPROVAL","","","","","Submitted","Not Submitted","Space Issue","",
"ACB161094","24051013338898","EVER OUTDO","0375-031N","EGLV - EVERGREEN LINE TA","","VMI","SEM - PT. APL LOGISTICS","","06/17/2024","07/29/2024","08/01/2024","SEM - SEMARANG, ID","NYC - NEW YORK, NY, US","PTT - PITTSBURGH, PA, US","308821","APLL","05/14/2024 22:35","05/21/2024 19:23","05/21/2024 19:23","DICKS - DICK'S SPORTING GOODS, INC.","05/21/2024 19:23","SIN","06/18/2024 00:00","05/26/2024 07:38","SEM","                       0.000","                       0.000","                       0.000","                       0.000","                       5.813","                     732.920","","","","PENDING APPROVAL ON CONNECTED VESSEL","","","","","Submitted","Not Submitted","Space Issue","",
"ACB162358","24051013338898","EVER OUTDO","0375-031N","EGLV - EVERGREEN LINE TA","","SR1","SEM - PT. APL LOGISTICS","","06/17/2024","07/29/2024","08/01/2024","SEM - SEMARANG, ID","PTT - PITTSBURGH, PA, US","PTT - PITTSBURGH, PA, US","308821","APLL","","","05/05/2024 18:16","DICKS - DICK'S SPORTING GOODS, INC.","05/21/2024 19:24","SIN","06/18/2024 00:00","05/26/2024 07:39","SEM","                       0.000","                       0.000","                       0.000","                       0.000","                       6.022","                     623.580","","","","PENDING APPROVAL ON CONNECTED VESSEL","","","","","Submitted","Not Submitted","Space Issue","",
"ACB162362","24051013168861","EVER OUTDO","0373-031N","EGLV - EVERGREEN LINE TA","","","SEM - PT. APL LOGISTICS","","06/17/2024","07/27/2024","07/30/2024","SEM - SEMARANG, ID","ATL - ATLANTA, GA, US","ATL - ATLANTA, GA, US","308826","APLL","","","05/05/2024 18:20","DICKS - DICK'S SPORTING GOODS, INC.","05/21/2024 19:32","SIN","06/12/2024 00:00","05/26/2024 07:14","SEM","                       0.000","                       0.000","                       0.000","                       0.000","                       6.136","                     659.140","","","","WAITING APPROVAL FROM CONNECTED VESSEL","","","","","Submitted","Not Submitted","Space Issue","",
"ACB164023","24051013338898","EVER OUTDO","0375-031N","EGLV - EVERGREEN LINE TA","","VMI","SEM - PT. APL LOGISTICS","","06/17/2024","07/06/2024","07/06/2024","SEM - SEMARANG, ID","NYC - NEW YORK, NY, US","PTT - PITTSBURGH, PA, US","308821","APLL","","","05/10/2024 06:40","DICKS - DICK'S SPORTING GOODS, INC.","05/26/2024 07:41","SIN","06/21/2024 00:00","05/26/2024 07:41","SEM","                       0.000","                       0.000","                       0.000","                       0.000","                      11.460","                    1509.740","","","","PENDING APPROVAL ON CONNECTED VESSEL","","","","","Submitted","Not Submitted","Space Issue","",
"ACB164025","24051013168861","EVER OUTDO","0373-031N","EGLV - EVERGREEN LINE TA","","","SEM - PT. APL LOGISTICS","","06/17/2024","07/27/2024","07/30/2024","SEM - SEMARANG, ID","SAV - SAVANNAH, GA, US","ATL - ATLANTA, GA, US","308826","APLL","","","05/10/2024 06:41","DICKS - DICK'S SPORTING GOODS, INC.","05/26/2024 07:15","HKG","06/26/2024 00:00","06/06/2024 20:56","SEM","                       0.000","                       0.000","                       0.000","                       0.000","                      19.900","                    2534.270","","","","PENDING APPROVAL ON CONNECTED VESSEL
PENDING APPROVAL ON CONNECTED VESSEL
PENDING APPROVAL ON CONNECTED VESSEL
PENDING APPROVAL ON CONNECTED VESSEL","","","","","Submitted","Not Submitted","Space Issue","",
"ACB164542","24051013168861","EVER OUTDO","0373-031N","EGLV - EVERGREEN LINE TA","","","SEM - PT. APL LOGISTICS","","06/17/2024","07/27/2024","07/30/2024","SEM - SEMARANG, ID","SAV - SAVANNAH, GA, US","ATL - ATLANTA, GA, US","308826","APLL","","","05/13/2024 00:25","DICKS - DICK'S SPORTING GOODS, INC.","05/26/2024 07:16","HKG","06/26/2024 00:00","06/06/2024 20:57","SEM","                       0.000","                       0.000","                       0.000","                       0.000","                       5.294","                     405.020","","","","PENDING APPROVAL ON CONNECTED VESSEL","","","","","Submitted","Not Submitted","Space Issue","",
"ACB164545","24051013338898","EVER OUTDO","0375-031N","EGLV - EVERGREEN LINE TA","","VMI","SEM - PT. APL LOGISTICS","","06/17/2024","07/29/2024","08/02/2024","SEM - SEMARANG, ID","NYC - NEW YORK, NY, US","PTT - PITTSBURGH, PA, US","308821","APLL","","","05/13/2024 00:27","DICKS - DICK'S SPORTING GOODS, INC.","05/26/2024 07:43","SIN","06/21/2024 00:00","05/26/2024 07:43","SEM","                       0.000","                       0.000","                       0.000","                       0.000","                       3.983","                     304.890","","","","PENDING APPROVAL ON CONNECTED VESSEL","","","","","Submitted","Not Submitted","Space Issue","",
"ACB164549","24051303018677","ITAL BIANCA","0378-001N","EGLV - EVERGREEN LINE TA","","CIT","SEM - PT. APL LOGISTICS","","06/27/2024","08/12/2024","08/15/2024","SUR - SURABAYA, ID","NYC - NEW YORK, NY, US","PTT - PITTSBURGH, PA, US","308954","Factory","","","05/13/2024 00:33","DICKS - DICK'S SPORTING GOODS, INC.","05/20/2024 07:35","SIN","07/05/2024 00:00","05/29/2024 23:40","SUR","                       2.250","                       0.000","                       2.250","                       2.000","                      65.220","                    4193.010","","","","WAITING SO FROM CARRIER, WAITING CONNECTED VESSEL  APPROVAL","","","","","Submitted","Not Submitted","Space Issue","",
"ACB164554","24051302327054","EVER BOOMY","1095-074A","EGLV - EVERGREEN LINE TA","","JPI","SEM - PT. APL LOGISTICS","","07/01/2024","07/29/2024","08/02/2024","SUR - SURABAYA, ID","LAX - LOS ANGELES, CA, US","CHI - CHICAGO, IL, US","308949","Factory","","","05/13/2024 00:36","DICKS - DICK'S SPORTING GOODS, INC.","05/20/2024 07:36","KAO","07/29/2024 00:00","05/29/2024 23:49","SUR","                       2.250","                       0.000","                       2.250","                       2.000","                      65.210","                    4193.010","","","","WAITING SO FROM CARRIER, WAITING CONNECTED VESSEL  APPROVAL","","","","","Submitted","Not Submitted","Space Issue","",
"ACB164561","24051302196293","EVER BOOMY","1095-074A","EGLV - EVERGREEN LINE TA","","JPI","SEM - PT. APL LOGISTICS","","07/01/2024","07/29/2024","07/29/2024","SUR - SURABAYA, ID","LAX - LOS ANGELES, CA, US","LAX - LOS ANGELES, CA, US","308948","Factory","","","05/13/2024 00:40","DICKS - DICK'S SPORTING GOODS, INC.","05/29/2024 23:37","KAO","07/13/2024 00:00","05/29/2024 23:37","SUR","                       2.250","                       0.000","                       2.250","                       2.000","                      65.220","                    4193.010","","","","WAITING SO FROM CARRIER, WAITING CONNECTED VESSEL  APPROVAL","","","","","Submitted","Not Submitted","Space Issue","",
"ACB165121","","A VESSEL","111","OOLU - ORIENT OVERSEAS CONTAINER LINE","","","BKK - APL LOGISTICS SVCS (THAILAND),LTD.","","08/06/2024","09/06/2024","09/15/2024","LCB - LAEM CHABANG, TH","LAX - LOS ANGELES, CA, US","GYR - GOODYEAR, AZ, US","146802","APLL","","05/26/2024 21:24","05/26/2024 21:24","DICKS - DICK'S SPORTING GOODS, INC.","","","","06/04/2024 18:58","LDT","                       0.000","                       0.000","                       0.000","                       0.000","                       2.899","                     241.340","","","","","","","","","Submitted","Not Submitted","","",
"ACB165126","","A VESSEL","111","OOLU - ORIENT OVERSEAS CONTAINER LINE","","","BKK - APL LOGISTICS SVCS (THAILAND),LTD.","","08/06/2024","09/06/2024","09/15/2024","LCB - LAEM CHABANG, TH","PFH - PLAINFIELD, IN, US","PFH - PLAINFIELD, IN, US","146802","APLL","","05/26/2024 21:17","05/26/2024 21:17","DICKS - DICK'S SPORTING GOODS, INC.","","","","06/04/2024 22:33","LDT","                       0.000","                       0.000","                       0.000","                       0.000","                      26.664","                    2166.360","","","","","","","","","Submitted","Not Submitted","","",
"ACB165128","","A VESSEL","111","OOLU - ORIENT OVERSEAS CONTAINER LINE","","","BKK - APL LOGISTICS SVCS (THAILAND),LTD.","","08/08/2024","09/06/2024","09/15/2024","LCB - LAEM CHABANG, TH","GYR - GOODYEAR, AZ, US","GYR - GOODYEAR, AZ, US","146802","APLL","","05/26/2024 21:14","05/26/2024 21:14","DICKS - DICK'S SPORTING GOODS, INC.","","","","06/04/2024 22:33","LDT","                       0.000","                       0.000","                       0.000","                       0.000","                      31.349","                    2535.665","","","","","","","","","Submitted","Not Submitted","","",
"ACB165765","24051013338898","EVER OUTDO","0375-031N","EGLV - EVERGREEN LINE TA","","VMI","SEM - PT. APL LOGISTICS","","06/17/2024","07/29/2024","08/01/2024","SEM - SEMARANG, ID","NYC - NEW YORK, NY, US","PTT - PITTSBURGH, PA, US","308821","APLL","","","05/16/2024 09:02","DICKS - DICK'S SPORTING GOODS, INC.","05/26/2024 07:44","SIN","06/21/2024 00:00","05/26/2024 07:44","SEM","                       0.000","                       0.000","                       0.000","                       0.000","                      10.380","                     586.520","","","","PENDING APPROVAL ON CONNECTED VESSEL","","","","","Submitted","Not Submitted","Space Issue","",
"ACB165768","24051013168861","EVER OUTDO","0373-031N","EGLV - EVERGREEN LINE TA","","","SEM - PT. APL LOGISTICS","","06/17/2024","07/27/2024","07/30/2024","SEM - SEMARANG, ID","SAV - SAVANNAH, GA, US","ATL - ATLANTA, GA, US","308826","APLL","","","05/16/2024 09:09","DICKS - DICK'S SPORTING GOODS, INC.","05/26/2024 07:17","HKG","06/26/2024 00:00","06/06/2024 20:58","SEM","                       0.000","                       0.000","                       0.000","                       0.000","                       4.505","                     317.500","","","","PENDING APPROVAL ON CONNECTED VESSEL","","","","","Submitted","Not Submitted","Space Issue","",
"ACB166296","240400038130","EVER CHAMP","0252-006A","EGLV - EVERGREEN LINE TA","","","PNH - APL LOGISTICS","","06/16/2024","07/17/2024","07/23/2024","KOE - SIHANOUKVILLE, CB","LAX - LOS ANGELES, CA, US","CHI - CHICAGO, IL, US","106319","APLL","05/23/2024 03:57","05/24/2024 02:11","05/24/2024 02:11","DICKS - DICK'S SPORTING GOODS, INC.","05/24/2024 02:11","KAO","06/22/2024 00:00","05/31/2024 01:18","","                       1.000","                       0.000","                       1.000","                       1.000","                      26.020","                    3643.800","","","","","","","","","Submitted","Not Submitted","Space Issue","",
"ACB166523","24051013168861","EVER OUTDO","0373-031N","EGLV - EVERGREEN LINE TA","","","SEM - PT. APL LOGISTICS","","06/17/2024","07/27/2024","07/30/2024","SEM - SEMARANG, ID","SAV - SAVANNAH, GA, US","ATL - ATLANTA, GA, US","308826","APLL","","","05/20/2024 00:42","DICKS - DICK'S SPORTING GOODS, INC.","05/26/2024 07:18","HKG","06/26/2024 00:00","06/06/2024 20:58","SEM","                       0.000","                       0.000","                       0.000","                       0.000","                       1.633","                     347.490","","","","PENDING APPROVAL ON CONNECTED VESSEL","","","","","Submitted","Not Submitted","Space Issue","",
"ACB166524","24051013168861","EVER OUTDO","0373-031N","EGLV - EVERGREEN LINE TA","","","SEM - PT. APL LOGISTICS","","06/17/2024","07/27/2024","07/30/2024","SEM - SEMARANG, ID","SAV - SAVANNAH, GA, US","ATL - ATLANTA, GA, US","308826","APLL","","","05/20/2024 00:43","DICKS - DICK'S SPORTING GOODS, INC.","05/26/2024 07:18","HKG","06/26/2024 00:00","05/26/2024 07:18","SEM","                       0.000","                       0.000","                       0.000","                       0.000","                       5.582","                     662.920","","","","PENDING APPROVAL ON CONNECTED VESSEL","","","","","Submitted","Not Submitted","Space Issue","",
"ACB166529","24051013338898","EVER OUTDO","0375-031N","EGLV - EVERGREEN LINE TA","","VMI","SEM - PT. APL LOGISTICS","","06/17/2024","07/29/2024","08/02/2024","SEM - SEMARANG, ID","NYC - NEW YORK, NY, US","PTT - PITTSBURGH, PA, US","308821","APLL","","","05/20/2024 00:46","DICKS - DICK'S SPORTING GOODS, INC.","05/26/2024 07:45","SIN","06/21/2024 00:00","05/26/2024 07:45","SEM","                       0.000","                       0.000","                       0.000","                       0.000","                       3.119","                     656.070","","","","PENDING APPROVAL ON CONNECTED VESSEL","","","","","Submitted","Not Submitted","Space Issue","",
"ACB166531","24051013338898","EVER OUTDO","0375-031N","EGLV - EVERGREEN LINE TA","","","SEM - PT. APL LOGISTICS","","06/17/2024","07/29/2024","08/02/2024","SEM - SEMARANG, ID","NYC - NEW YORK, NY, US","PTT - PITTSBURGH, PA, US","308821","APLL","","","05/20/2024 00:46","DICKS - DICK'S SPORTING GOODS, INC.","05/26/2024 07:46","SIN","06/21/2024 00:00","05/26/2024 07:46","SEM","                       0.000","                       0.000","                       0.000","                       0.000","                       3.007","                     384.480","","","","PENDING APPROVAL ON CONNECTED VESSEL","","","","","Submitted","Not Submitted","Space Issue","",
"ACB168056","082400099204","EVER COMPOSE","0377-060N","EGLV - EVERGREEN LINE TA","","","SEM - PT. APL LOGISTICS","","06/27/2024","07/30/2024","07/30/2024","SEM - SEMARANG, ID","NYC - NEW YORK, NY, US","NYC - NEW YORK, NY, US","309481","APLL","","","05/24/2024 15:31","DICKS - DICK'S SPORTING GOODS, INC.","05/24/2024 15:31","","","05/30/2024 00:05","SEM","                       0.000","                       0.000","                       0.000","                       0.000","                       2.006","                     235.200","","","","WAITING SPACE APPROVAL ON CONNECTED VESSEL, PLANNING AS APLL LOAD - WAITING ANOTHER CARGO TO COLOAD","","","","","Submitted","Not Submitted","Space Issue","",
"ACB168057","24052414219776","EVER BALMY","1092-076B","EGLV - EVERGREEN LINE TA","","JPI","SEM - PT. APL LOGISTICS","","07/01/2024","07/29/2024","07/29/2024","SEM - SEMARANG, ID","LAX - LOS ANGELES, CA, US","LAX - LOS ANGELES, CA, US","309482","APLL","","","05/24/2024 15:32","DICKS - DICK'S SPORTING GOODS, INC.","05/24/2024 15:32","","","05/30/2024 00:04","SEM","                       0.000","                       0.000","                       0.000","                       0.000","                       2.156","                     249.360","","","","WAITING SPACE APPROVAL ON CONNECTED VESSEL, PLANNING AS APLL LOAD - WAITING ANOTHER CARGO TO COLOAD","","","","","Submitted","Not Submitted","Space Issue","",
"ACB168060","24052414429922","EVER CHARM","0437-090N","EGLV - EVERGREEN LINE TA","","VMI","SEM - PT. APL LOGISTICS","","07/02/2024","08/10/2024","08/10/2024","SEM - SEMARANG, ID","PTT - PITTSBURGH, PA, US","PTT - PITTSBURGH, PA, US","309485","APLL","","","05/24/2024 15:36","DICKS - DICK'S SPORTING GOODS, INC.","05/24/2024 15:36","","","05/24/2024 15:36","SEM","                       0.000","                       0.000","                       0.000","                       0.000","                       2.056","                     240.160","","","","PENDING APPROVAL ON CONNECTED VESSEL","","","","","Submitted","Not Submitted","Space Issue","",
"ACB168506","24052414429922","EVER CHARM","0437-090N","EGLV - EVERGREEN LINE TA","","VMI","SEM - PT. APL LOGISTICS","","07/02/2024","08/15/2024","08/12/2024","SEM - SEMARANG, ID","NYC - NEW YORK, NY, US","PTT - PITTSBURGH, PA, US","309485","APLL","","","05/27/2024 08:05","DICKS - DICK'S SPORTING GOODS, INC.","05/27/2024 08:05","","","05/27/2024 08:05","SEM","                       0.000","                       0.000","                       0.000","                       0.000","                      14.100","                     957.700","","","","WAITING APPROVAL ON CONNECTED VESSEL","","","","","Submitted","Not Submitted","Space Issue","",
"ACB168633","082400099204","EVER COMPOSE","0377-060N","EGLV - EVERGREEN LINE TA","","","SEM - PT. APL LOGISTICS","","06/27/2024","07/30/2024","07/30/2024","SEM - SEMARANG, ID","CKO - CONKLIN, NY, US","CKO - CONKLIN, NY, US","309481","APLL","","","05/27/2024 21:51","DICKS - DICK'S SPORTING GOODS, INC.","05/27/2024 21:51","","","05/27/2024 21:51","SEM","                       0.000","                       0.000","                       0.000","                       0.000","                      17.004","                    1160.740","","","","WAITING APPPROVAL ON CONNECTED VESSEL","","","","","Submitted","Not Submitted","Space Issue","",
"ACB168638","24052414219776","EVER BALMY","1092-076B","EGLV - EVERGREEN LINE TA","","JPI","SEM - PT. APL LOGISTICS","","07/01/2024","07/29/2024","07/29/2024","SEM - SEMARANG, ID","GYR - GOODYEAR, AZ, US","GYR - GOODYEAR, AZ, US","309482","APLL","","","05/27/2024 21:55","DICKS - DICK'S SPORTING GOODS, INC.","05/27/2024 21:55","","","05/27/2024 21:55","SEM","                       0.000","                       0.000","                       0.000","                       0.000","                      12.026","                     824.840","","","","WAITING APPROVAL ON CONNECTED VESSEL","","","","","Submitted","Not Submitted","Space Issue","",
"ACB169066","","A VESSEL","111","OOLU - ORIENT OVERSEAS CONTAINER LINE","","","BKK - APL LOGISTICS SVCS (THAILAND),LTD.","","08/06/2024","09/06/2024","09/06/2024","LCB - LAEM CHABANG, TH","EPA - EAST POINT, GA, US","EPA - EAST POINT, GA, US","146802","APLL","","06/04/2024 22:14","06/04/2024 22:14","DICKS - DICK'S SPORTING GOODS, INC.","","","","06/04/2024 22:14","LDT","                       0.000","                       0.000","                       0.000","                       0.000","                      20.084","                    1591.900","","","","","","","","","Submitted","Not Submitted","","",
"ACB169067","","A VESSEL","111","OOLU - ORIENT OVERSEAS CONTAINER LINE","","","BKK - APL LOGISTICS SVCS (THAILAND),LTD.","","08/06/2024","09/06/2024","09/06/2024","LCB - LAEM CHABANG, TH","GYR - GOODYEAR, AZ, US","GYR - GOODYEAR, AZ, US","146802","APLL","","06/04/2024 22:15","06/04/2024 22:15","DICKS - DICK'S SPORTING GOODS, INC.","","","","06/04/2024 22:15","LDT","                       0.000","                       0.000","                       0.000","                       0.000","                      14.646","                    1161.103","","","","","","","","","Submitted","Not Submitted","","",
"ACB169068","","A VESSEL","111","OOLU - ORIENT OVERSEAS CONTAINER LINE","","","BKK - APL LOGISTICS SVCS (THAILAND),LTD.","","08/06/2024","09/06/2024","09/06/2024","LCB - LAEM CHABANG, TH","PFH - PLAINFIELD, IN, US","PFH - PLAINFIELD, IN, US","146802","APLL","","06/04/2024 22:16","06/04/2024 22:16","DICKS - DICK'S SPORTING GOODS, INC.","","","","06/04/2024 22:16","LDT","                       0.000","                       0.000","                       0.000","                       0.000","                      12.074","                     978.796","","","","","","","","","Submitted","Not Submitted","","",
"ACB169070","","A VESSEL","111","OOLU - ORIENT OVERSEAS CONTAINER LINE","","","BKK - APL LOGISTICS SVCS (THAILAND),LTD.","","08/06/2024","09/06/2024","09/06/2024","LCB - LAEM CHABANG, TH","XMI - SMITHTON, PA, US","XMI - SMITHTON, PA, US","146802","APLL","","06/04/2024 22:17","06/04/2024 22:17","DICKS - DICK'S SPORTING GOODS, INC.","","","","06/04/2024 22:17","LDT","                       0.000","                       0.000","                       0.000","                       0.000","                      12.057","                     971.728","","","","","","","","","Submitted","Not Submitted","","",
"ACB169071","","A VESSEL","111","OOLU - ORIENT OVERSEAS CONTAINER LINE","","","BKK - APL LOGISTICS SVCS (THAILAND),LTD.","","08/06/2024","09/06/2024","09/06/2024","LCB - LAEM CHABANG, TH","CKO - CONKLIN, NY, US","CKO - CONKLIN, NY, US","146802","APLL","","06/04/2024 22:17","06/04/2024 22:17","DICKS - DICK'S SPORTING GOODS, INC.","","","","06/04/2024 22:17","LDT","                       0.000","                       0.000","                       0.000","                       0.000","                      13.790","                    1110.265","","","","","","","","","Submitted","Not Submitted","","",
"ACB169630","24051013168861","EVER OUTDO","0373-031N","EGLV - EVERGREEN LINE TA","","","SEM - PT. APL LOGISTICS","","06/17/2024","07/27/2024","07/30/2024","SEM - SEMARANG, ID","SAV - SAVANNAH, GA, US","ATL - ATLANTA, GA, US","308826","APLL","","","05/30/2024 06:41","DICKS - DICK'S SPORTING GOODS, INC.","05/30/2024 06:41","HKG","06/26/2024 00:00","05/30/2024 06:41","SEM","                       0.000","                       0.000","                       0.000","                       0.000","                       2.389","                     375.000","","","","PLANNED IN APLL LOAD, WAITING APPROVAL ON CONNECTED VESSEL","","","","","Submitted","Not Submitted","Space Issue","",
"ACB169633","24051013338898","EVER OUTDO","0375-031N","EGLV - EVERGREEN LINE TA","","VMI","SEM - PT. APL LOGISTICS","","06/17/2024","07/29/2024","08/01/2024","SEM - SEMARANG, ID","XMI - SMITHTON, PA, US","XMI - SMITHTON, PA, US","308821","APLL","","","05/30/2024 06:46","DICKS - DICK'S SPORTING GOODS, INC.","05/30/2024 06:46","SIN","06/29/2024 00:00","05/30/2024 06:46","SEM","                       0.000","                       0.000","                       0.000","                       0.000","                       1.759","                     276.000","","","","PLANNED IN APLL LOAD, WAITING APPROVAL ON CONNECTED VESSEL","","","","","Submitted","Not Submitted","Space Issue","",
"ACB171334","2740669810","CMA CGM TIGRIS","0XR5NE1MA","OOLU - ORIENT OVERSEAS CONTAINER LINE","","ECC3","HPZ - APL LOGISTICS VIETNAM - HAIPHONG BRANCH","","06/29/2024","08/10/2024","08/14/2024","HPZ - HAIPHONG, NV","SAV - SAVANNAH, GA, US","ATL - ATLANTA, GA, US","579803","APLL","","","06/06/2024 00:22","DICKS - DICK'S SPORTING GOODS, INC.","","","","06/06/2024 00:22","HPZ","                       2.000","                       0.000","                       2.000","                       2.000","                      43.184","                    4178.720","","","","","","","","","Submitted","Not Submitted","","",
"ACB171336","2740669811","CMA CGM TIGRIS","0XR5NE1MA","OOLU - ORIENT OVERSEAS CONTAINER LINE","","ECC3","HPZ - APL LOGISTICS VIETNAM - HAIPHONG BRANCH","","06/29/2024","08/10/2024","08/14/2024","HPZ - HAIPHONG, NV","SAV - SAVANNAH, GA, US","ATL - ATLANTA, GA, US","579803","Factory","","","06/06/2024 00:23","DICKS - DICK'S SPORTING GOODS, INC.","","","","06/06/2024 00:23","HPZ","                       2.250","                       0.000","                       2.250","                       2.000","                      64.330","                    5681.270","","","","","","","","","Submitted","Not Submitted","","",
"ACB171337","2740669812","CMA CGM TIGRIS","0XR5NE1MA","OOLU - ORIENT OVERSEAS CONTAINER LINE","","ECC3","HPZ - APL LOGISTICS VIETNAM - HAIPHONG BRANCH","","06/29/2024","08/10/2024","08/14/2024","HPZ - HAIPHONG, NV","SAV - SAVANNAH, GA, US","ATL - ATLANTA, GA, US","579803","Factory","","","06/06/2024 00:24","DICKS - DICK'S SPORTING GOODS, INC.","","","","06/06/2024 00:24","HPZ","                       2.000","                       0.000","                       2.000","                       2.000","                      50.750","                    8218.200","","","","","","","","","Submitted","Not Submitted","","",
"ACB171348","2740610660","OOCL WASHINGTON","084E","OOLU - ORIENT OVERSEAS CONTAINER LINE","","VCS","HPZ - APL LOGISTICS VIETNAM - HAIPHONG BRANCH","","06/29/2024","07/24/2024","07/24/2024","HPZ - HAIPHONG, NV","LGB - LONG BEACH, CA, US","LGB - LONG BEACH, CA, US","579807","APLL","","","06/06/2024 00:34","DICKS - DICK'S SPORTING GOODS, INC.","06/06/2024 00:55","","","06/06/2024 00:55","HPZ","                       2.000","                       0.000","                       2.000","                       2.000","                      35.313","                    3537.660","","","","OOCL OMITS VCS OOCL WASHINGTON 084E","","","","","Submitted","Not Submitted","Space Issue","",
"ACB171350","2740610661","OOCL WASHINGTON","084E","OOLU - ORIENT OVERSEAS CONTAINER LINE","","VCS","HPZ - APL LOGISTICS VIETNAM - HAIPHONG BRANCH","","06/29/2024","07/24/2024","07/24/2024","HPZ - HAIPHONG, NV","LGB - LONG BEACH, CA, US","LGB - LONG BEACH, CA, US","579807","Factory","","","06/06/2024 00:35","DICKS - DICK'S SPORTING GOODS, INC.","06/06/2024 00:55","","","06/06/2024 00:55","HPZ","                       2.250","                       0.000","                       2.250","                       2.000","                      64.600","                    5483.820","","","","OOCL OMITS VCS OOCL WASHINGTON 084E","","","","","Submitted","Not Submitted","Space Issue","",
"ACB171353","2740610662","OOCL WASHINGTON","084E","OOLU - ORIENT OVERSEAS CONTAINER LINE","","VCS","HPZ - APL LOGISTICS VIETNAM - HAIPHONG BRANCH","","06/29/2024","07/24/2024","07/24/2024","HPZ - HAIPHONG, NV","LGB - LONG BEACH, CA, US","LGB - LONG BEACH, CA, US","579807","Factory","","","06/06/2024 00:36","DICKS - DICK'S SPORTING GOODS, INC.","06/06/2024 00:55","","","06/06/2024 00:55","HPZ","                       2.000","                       0.000","                       2.000","                       2.000","                      47.290","                    7597.040","","","","OOCL OMITS VCS OOCL WASHINGTON 084E","","","","","Submitted","Not Submitted","Space Issue","",
"ACB171591","24060701003208","EVER BEING","1094-055B","EGLV - EVERGREEN LINE TA","","JPI","SEM - PT. APL LOGISTICS","","07/15/2024","08/12/2024","08/12/2024","SEM - SEMARANG, ID","LAX - LOS ANGELES, CA, US","LAX - LOS ANGELES, CA, US","310069","APLL","","","06/06/2024 19:57","DICKS - DICK'S SPORTING GOODS, INC.","06/06/2024 19:57","KAO","07/27/2024 00:00","06/06/2024 19:57","SEM","                       0.000","                       0.000","                       0.000","                       0.000","                       5.570","                     684.780","","","","PENDING RESPONSE FROM CARRIER","","","","","Submitted","Not Submitted","Space Issue","",
"ACB171592","24060701073344","EVER BEING","1094-055B","EGLV - EVERGREEN LINE TA","","JPI","SEM - PT. APL LOGISTICS","","07/15/2024","09/02/2024","09/05/2024","SEM - SEMARANG, ID","PTT - PITTSBURGH, PA, US","PTT - PITTSBURGH, PA, US","310071","APLL","","","06/06/2024 19:59","DICKS - DICK'S SPORTING GOODS, INC.","06/06/2024 19:59","KAO","07/23/2024 00:00","06/06/2024 19:59","SEM","                       0.000","                       0.000","                       0.000","                       0.000","                       5.310","                     610.270","","","","PENDING RESPONSE FROM CARRIER","","","","","Submitted","Not Submitted","Space Issue","",
"ACB171594","24060701023246","EVER BEING","1094-055B","EGLV - EVERGREEN LINE TA","","JPI","SEM - PT. APL LOGISTICS","","07/15/2024","08/12/2024","08/16/2024","SEM - SEMARANG, ID","IND - INDIANAPOLIS, IN, US","IND - INDIANAPOLIS, IN, US","310070","APLL","","","06/06/2024 20:00","DICKS - DICK'S SPORTING GOODS, INC.","06/06/2024 20:00","KAO","07/27/2024 00:00","06/06/2024 20:00","SEM","                       0.000","                       0.000","                       0.000","                       0.000","                      11.810","                    1317.470","","","","PENDING RESPONSE FROM CARRIER","","","","","Submitted","Not Submitted","Space Issue","",
"ACB171595","24060700462943","EVER BEING","1094-055B","EGLV - EVERGREEN LINE TA","","JPI","SEM - PT. APL LOGISTICS","","07/15/2024","08/25/2024","08/28/2024","SEM - SEMARANG, ID","NYC - NEW YORK, NY, US","NYC - NEW YORK, NY, US","310068","APLL","","","06/06/2024 20:01","DICKS - DICK'S SPORTING GOODS, INC.","06/06/2024 20:01","KAO","07/23/2024 00:00","06/06/2024 20:01","SEM","                       0.000","                       0.000","                       0.000","                       0.000","                       9.780","                    1052.730","","","","PENDING RESPONSE FROM CARRIER","","","","","Submitted","Not Submitted","Space Issue","",
"ACB171654","24060703470387","TBA VL","1","EGLV - EVERGREEN LINE TA","","","HPZ - APL LOGISTICS VIETNAM - HAIPHONG BRANCH","","07/11/2024","08/20/2024","08/23/2024","DAN - DA NANG, NV","NYC - NEW YORK, NY, US","PTT - PITTSBURGH, PA, US","579932","Factory","","","06/07/2024 00:28","DICKS - DICK'S SPORTING GOODS, INC.","","","","06/07/2024 02:50","DAN","                       1.000","                       0.000","                       1.000","                       1.000","                      17.000","                    1121.780","","","","","","","","","Submitted","Not Submitted","","",
"ACB171656","24060703520608","TBA VL","1","EGLV - EVERGREEN LINE TA","","","HPZ - APL LOGISTICS VIETNAM - HAIPHONG BRANCH","","07/11/2024","08/11/2024","08/16/2024","DAN - DA NANG, NV","LAX - LOS ANGELES, CA, US","CHI - CHICAGO, IL, US","579931","Factory","","06/07/2024 00:29","06/07/2024 00:29","DICKS - DICK'S SPORTING GOODS, INC.","","","","06/07/2024 02:50","DAN","                       1.000","                       0.000","                       1.000","                       1.000","                      17.150","                    1158.840","","","","","","","","","Submitted","Not Submitted","","",
"ACB171810","24060700462943","EVER BEING","1094-055B","EGLV - EVERGREEN LINE TA","","JPI","SEM - PT. APL LOGISTICS","","07/15/2024","08/25/2024","08/28/2024","SEM - SEMARANG, ID","NYC - NEW YORK, NY, US","NYC - NEW YORK, NY, US","310068","APLL","","","06/07/2024 08:04","DICKS - DICK'S SPORTING GOODS, INC.","06/07/2024 08:04","KAO","07/23/2024 00:00","06/07/2024 08:04","SEM","                       0.000","                       0.000","                       0.000","                       0.000","                       0.060","                      12.000","","","","","","","","","Submitted","Not Submitted","Space Issue","",
"ACB171811","24060700462943","EVER BEING","1094-055B","EGLV - EVERGREEN LINE TA","","JPI","SEM - PT. APL LOGISTICS","","07/15/2024","08/25/2024","08/28/2024","SEM - SEMARANG, ID","NYC - NEW YORK, NY, US","NYC - NEW YORK, NY, US","310068","APLL","","","06/07/2024 08:04","DICKS - DICK'S SPORTING GOODS, INC.","06/07/2024 08:04","KAO","07/23/2024 00:00","06/07/2024 08:04","SEM","                       0.000","                       0.000","                       0.000","                       0.000","                       6.357","                     378.320","","","","","","","","","Submitted","Not Submitted","Space Issue","",
"ACB171815","24060701003208","EVER BEING","1094-055B","EGLV - EVERGREEN LINE TA","","JPI","SEM - PT. APL LOGISTICS","","07/15/2024","08/12/2024","08/12/2024","SEM - SEMARANG, ID","LAX - LOS ANGELES, CA, US","LAX - LOS ANGELES, CA, US","310069","APLL","","","06/07/2024 08:07","DICKS - DICK'S SPORTING GOODS, INC.","06/07/2024 08:07","KAO","07/27/2024 00:00","06/07/2024 08:07","SEM","                       0.000","                       0.000","                       0.000","                       0.000","                       0.060","                      12.000","","","","","","","","","Submitted","Not Submitted","Space Issue","",
"ACB171816","24060701003208","EVER BEING","1094-055B","EGLV - EVERGREEN LINE TA","","JPI","SEM - PT. APL LOGISTICS","","07/15/2024","08/12/2024","08/12/2024","SEM - SEMARANG, ID","LAX - LOS ANGELES, CA, US","LAX - LOS ANGELES, CA, US","310069","APLL","","","06/07/2024 08:06","DICKS - DICK'S SPORTING GOODS, INC.","06/07/2024 08:06","KAO","07/27/2024 00:00","06/07/2024 08:06","SEM","                       0.000","                       0.000","                       0.000","                       0.000","                       6.242","                     821.350","","","","","","","","","Submitted","Not Submitted","Space Issue","",
"ACB171817","24060701003208","EVER BEING","1094-055B","EGLV - EVERGREEN LINE TA","","JPI","SEM - PT. APL LOGISTICS","","07/15/2024","08/12/2024","08/12/2024","SEM - SEMARANG, ID","LAX - LOS ANGELES, CA, US","LAX - LOS ANGELES, CA, US","310069","APLL","","","06/07/2024 08:07","DICKS - DICK'S SPORTING GOODS, INC.","06/07/2024 08:07","KAO","07/27/2024 00:00","06/07/2024 08:07","SEM","                       0.000","                       0.000","                       0.000","                       0.000","                       5.648","                     531.040","","","","","","","","","Submitted","Not Submitted","Space Issue","",
"ACB171818","24060701003208","EVER BEING","1094-055B","EGLV - EVERGREEN LINE TA","","JPI","SEM - PT. APL LOGISTICS","","07/15/2024","08/12/2024","08/12/2024","SEM - SEMARANG, ID","LAX - LOS ANGELES, CA, US","LAX - LOS ANGELES, CA, US","310069","APLL","","","06/07/2024 08:08","DICKS - DICK'S SPORTING GOODS, INC.","06/07/2024 08:08","KAO","07/27/2024 00:00","06/07/2024 08:08","SEM","                       0.000","                       0.000","                       0.000","                       0.000","                       3.532","                     280.700","","","","","","","","","Submitted","Not Submitted","Space Issue","",
"ACB171819","24060701023246","EVER BEING","1094-055B","EGLV - EVERGREEN LINE TA","","JPI","SEM - PT. APL LOGISTICS","","07/15/2024","08/12/2024","08/16/2024","SEM - SEMARANG, ID","LAX - LOS ANGELES, CA, US","CHI - CHICAGO, IL, US","310070","APLL","","","06/07/2024 08:12","DICKS - DICK'S SPORTING GOODS, INC.","06/07/2024 08:12","KAO","07/27/2024 00:00","06/07/2024 08:12","SEM","                       0.000","                       0.000","                       0.000","                       0.000","                       6.154","                     378.320","","","","","","","","","Submitted","Not Submitted","Space Issue","",
"ACB171820","24060701023246","EVER BEING","1094-055B","EGLV - EVERGREEN LINE TA","","JPI","SEM - PT. APL LOGISTICS","","07/15/2024","08/12/2024","08/16/2024","SEM - SEMARANG, ID","LAX - LOS ANGELES, CA, US","CHI - CHICAGO, IL, US","310070","APLL","","","06/07/2024 08:11","DICKS - DICK'S SPORTING GOODS, INC.","06/07/2024 08:11","KAO","07/27/2024 00:00","06/07/2024 08:11","SEM","                       0.000","                       0.000","                       0.000","                       0.000","                       0.050","                       9.000","","","","","","","","","Submitted","Not Submitted","Space Issue","",
"ACB171821","24060701023246","EVER BEING","1094-055B","EGLV - EVERGREEN LINE TA","","JPI","SEM - PT. APL LOGISTICS","","07/15/2024","08/12/2024","08/16/2024","SEM - SEMARANG, ID","LAX - LOS ANGELES, CA, US","CHI - CHICAGO, IL, US","310070","APLL","","","06/07/2024 08:12","DICKS - DICK'S SPORTING GOODS, INC.","06/07/2024 08:12","KAO","07/27/2024 00:00","06/07/2024 08:12","SEM","                       0.000","                       0.000","                       0.000","                       0.000","                       7.092","                     792.912","","","","","","","","","Submitted","Not Submitted","Space Issue","",
"ACB171822","24060701023246","EVER BEING","1094-055B","EGLV - EVERGREEN LINE TA","","JPI","SEM - PT. APL LOGISTICS","","07/15/2024","08/12/2024","08/16/2024","SEM - SEMARANG, ID","LAX - LOS ANGELES, CA, US","CHI - CHICAGO, IL, US","310070","APLL","","","06/07/2024 08:14","DICKS - DICK'S SPORTING GOODS, INC.","06/07/2024 08:14","KAO","07/27/2024 00:00","06/07/2024 08:14","SEM","                       0.000","                       0.000","                       0.000","                       0.000","                       7.009","                     769.770","","","","","","","","","Submitted","Not Submitted","Space Issue","",
"ACB171823","24060701073344","EVER BEING","1094-055B","EGLV - EVERGREEN LINE TA","","JPI","SEM - PT. APL LOGISTICS","","07/15/2024","09/02/2024","09/05/2024","SEM - SEMARANG, ID","NYC - NEW YORK, NY, US","PTT - PITTSBURGH, PA, US","310071","APLL","","","06/07/2024 08:15","DICKS - DICK'S SPORTING GOODS, INC.","06/07/2024 08:15","KAO","07/23/2024 00:00","06/07/2024 08:15","SEM","                       0.000","                       0.000","                       0.000","                       0.000","                       0.050","                       9.000","","","","","","","","","Submitted","Not Submitted","Space Issue","",
"ACB171824","24060701073344","EVER BEING","1094-055B","EGLV - EVERGREEN LINE TA","","JPI","SEM - PT. APL LOGISTICS","","07/15/2024","09/02/2024","09/05/2024","SEM - SEMARANG, ID","NYC - NEW YORK, NY, US","PTT - PITTSBURGH, PA, US","310071","APLL","","","06/07/2024 08:16","DICKS - DICK'S SPORTING GOODS, INC.","06/07/2024 08:16","KAO","07/23/2024 00:00","06/07/2024 08:16","SEM","                       0.000","                       0.000","                       0.000","                       0.000","                       6.254","                     378.320","","","","","","","","","Submitted","Not Submitted","Space Issue","",
"ACB171825","24060701073344","EVER BEING","1094-055B","EGLV - EVERGREEN LINE TA","","JPI","SEM - PT. APL LOGISTICS","","07/15/2024","09/02/2024","09/05/2024","SEM - SEMARANG, ID","NYC - NEW YORK, NY, US","PTT - PITTSBURGH, PA, US","310071","APLL","","","06/07/2024 08:17","DICKS - DICK'S SPORTING GOODS, INC.","06/07/2024 08:17","KAO","07/23/2024 00:00","06/07/2024 08:17","SEM","                       0.000","                       0.000","                       0.000","                       0.000","                       1.727","                     135.530","","","","","","","","","Submitted","Not Submitted","Space Issue","",
"ACB171826","24060714057740","EVER BEING","1094-055B","EGLV - EVERGREEN LINE TA","","JPI","SEM - PT. APL LOGISTICS","","07/15/2024","08/31/2024","09/02/2024","SEM - SEMARANG, ID","SAV - SAVANNAH, GA, US","ATL - ATLANTA, GA, US","310115","APLL","","","06/07/2024 08:20","DICKS - DICK'S SPORTING GOODS, INC.","","","","06/07/2024 08:20","SEM","                       0.000","                       0.000","                       0.000","                       0.000","                       0.110","                      21.000","","","","","","","","","Submitted","Not Submitted","","",
"ACB171827","24060714057740","EVER BEING","1094-055B","EGLV - EVERGREEN LINE TA","","JPI","SEM - PT. APL LOGISTICS","","07/15/2024","08/31/2024","09/03/2024","SEM - SEMARANG, ID","SAV - SAVANNAH, GA, US","ATL - ATLANTA, GA, US","310115","APLL","","","06/07/2024 08:19","DICKS - DICK'S SPORTING GOODS, INC.","06/07/2024 08:19","","","06/07/2024 08:19","SEM","                       0.000","                       0.000","                       0.000","                       0.000","                       8.711","                     576.300","","","","","","","","","Submitted","Not Submitted","Space Issue","",
"ACB171828","24060714057740","EVER BEING","1094-055B","EGLV - EVERGREEN LINE TA","","JPI","SEM - PT. APL LOGISTICS","","07/15/2024","08/31/2024","09/02/2024","SEM - SEMARANG, ID","SAV - SAVANNAH, GA, US","ATL - ATLANTA, GA, US","310115","APLL","","","06/07/2024 08:20","DICKS - DICK'S SPORTING GOODS, INC.","06/07/2024 08:20","","","06/07/2024 08:20","SEM","                       0.000","                       0.000","                       0.000","                       0.000","                      10.326","                    1138.680","","","","","","","","","Submitted","Not Submitted","Space Issue","",
"ACB171829","24060714057740","EVER BEING","1094-055B","EGLV - EVERGREEN LINE TA","","JPI","SEM - PT. APL LOGISTICS","","07/15/2024","08/31/2024","09/02/2024","SEM - SEMARANG, ID","SAV - SAVANNAH, GA, US","ATL - ATLANTA, GA, US","310115","APLL","","","06/07/2024 08:21","DICKS - DICK'S SPORTING GOODS, INC.","06/07/2024 08:21","","","06/07/2024 08:21","SEM","                       0.000","                       0.000","                       0.000","                       0.000","                       3.599","                     281.630","","","","","","","","","Submitted","Not Submitted","Space Issue","",
"ACB171830","24060700462943","EVER BEING","1094-055B","EGLV - EVERGREEN LINE TA","","JPI","SEM - PT. APL LOGISTICS","","07/15/2024","08/28/2024","08/28/2024","SEM - SEMARANG, ID","NYC - NEW YORK, NY, US","NYC - NEW YORK, NY, US","310068","APLL","","","06/07/2024 08:23","DICKS - DICK'S SPORTING GOODS, INC.","06/07/2024 08:23","KAO","07/23/2024 00:00","06/07/2024 08:23","SEM","                       0.000","                       0.000","                       0.000","                       0.000","                       2.119","                     162.430","","","","","","","","","Submitted","Not Submitted","Space Issue","",
"ACB171831","24060701023246","EVER BEING","1094-055B","EGLV - EVERGREEN LINE TA","","JPI","SEM - PT. APL LOGISTICS","","07/15/2024","08/12/2024","08/16/2024","SEM - SEMARANG, ID","LAX - LOS ANGELES, CA, US","CHI - CHICAGO, IL, US","310070","APLL","","","06/07/2024 08:24","DICKS - DICK'S SPORTING GOODS, INC.","06/07/2024 08:24","KAO","07/27/2024 00:00","06/07/2024 08:24","SEM","                       0.000","                       0.000","                       0.000","                       0.000","                       2.142","                     169.610","","","","","","","","","Submitted","Not Submitted","Space Issue","",
"ACB171832","2741031060","YM HORIZON","391W","OOLU - ORIENT OVERSEAS CONTAINER LINE","","ITS","SEM - PT. APL LOGISTICS","","07/08/2024","08/26/2024","08/26/2024","SEM - SEMARANG, ID","SAV - SAVANNAH, GA, US","EPA - EAST POINT, GA, US","310175","Factory","","","06/07/2024 08:29","DICKS - DICK'S SPORTING GOODS, INC.","06/07/2024 08:29","","","06/09/2024 04:19","SEM","                       2.250","                       0.000","                       2.250","                       2.000","                      62.167","                    4473.650","","","","","","","","","Submitted","Not Submitted","Space Issue","",
"ACB171833","2741031220","TRADER 8","169N","OOLU - ORIENT OVERSEAS CONTAINER LINE","","CRG","SEM - PT. APL LOGISTICS","","07/06/2024","08/19/2024","08/24/2024","SEM - SEMARANG, ID","NYC - NEW YORK, NY, US","PTT - PITTSBURGH, PA, US","310179","Factory","","","06/07/2024 08:26","DICKS - DICK'S SPORTING GOODS, INC.","06/07/2024 08:26","KAO","07/23/2024 00:00","06/09/2024 05:00","SEM","                       2.250","                       0.000","                       2.250","                       2.000","                      61.511","                    4384.420","","","","","","","","","Submitted","Not Submitted","Space Issue","",
"ACB171834","2741031090","TRADER 8","169N","OOLU - ORIENT OVERSEAS CONTAINER LINE","","SRG","SEM - PT. APL LOGISTICS","","07/06/2024","08/19/2024","08/23/2024","SEM - SEMARANG, ID","NYC - NEW YORK, NY, US","CHI - CHICAGO, IL, US","734292","Factory","","","06/07/2024 08:28","DICKS - DICK'S SPORTING GOODS, INC.","06/07/2024 08:28","SIN","07/27/2024 00:00","06/09/2024 04:34","SEM","                       2.250","                       0.000","                       2.250","                       2.000","                      64.791","                    3937.130","","","","","","","","","Submitted","Not Submitted","Space Issue","",
"ACB171835","2741031210","TRADER 8","169N","OOLU - ORIENT OVERSEAS CONTAINER LINE","","SRG","SEM - PT. APL LOGISTICS","","07/06/2024","08/19/2024","08/19/2024","SEM - SEMARANG, ID","NYC - NEW YORK, NY, US","NYC - NEW YORK, NY, US","310178","Factory","","","06/07/2024 08:27","DICKS - DICK'S SPORTING GOODS, INC.","06/07/2024 08:27","KAO","07/23/2024 00:00","06/09/2024 19:11","SEM","                       2.250","                       0.000","                       2.250","                       2.000","                      64.793","                    4569.620","","","","","","","","","Submitted","Not Submitted","Space Issue","",
"ACB171836","2741031230","TRADER 8","169N","OOLU - ORIENT OVERSEAS CONTAINER LINE","","SRG","SEM - PT. APL LOGISTICS","","07/06/2024","08/11/2024","08/11/2024","SEM - SEMARANG, ID","LAX - LOS ANGELES, CA, US","LAX - LOS ANGELES, CA, US","310180","Factory","","","06/07/2024 08:26","DICKS - DICK'S SPORTING GOODS, INC.","","SIN","07/27/2024 00:00","06/09/2024 05:16","SEM","                       2.250","                       0.000","                       2.250","                       2.000","                      62.403","                    4354.584","","","","","","","","","Submitted","Not Submitted","","",
"ACB172027","","TBA VL","1","EGLV - EVERGREEN LINE TA","","","HPZ - APL LOGISTICS VIETNAM - HAIPHONG BRANCH","","07/11/2024","08/11/2024","08/11/2024","DAN - DA NANG, NV","NYC - NEW YORK, NY, US","NYC - NEW YORK, NY, US","580025","APLL","","","06/10/2024 02:01","DICKS - DICK'S SPORTING GOODS, INC.","","","","06/10/2024 02:01","DAN","                       1.000","                       0.000","                       1.000","                       1.000","                      18.770","                    1345.340","","","","","","","","","Submitted","Not Submitted","","",
"ACB172029","24061003454314","TBA VL","1","EGLV - EVERGREEN LINE TA","","","HPZ - APL LOGISTICS VIETNAM - HAIPHONG BRANCH","","07/11/2024","08/01/2024","08/06/2024","DAN - DA NANG, NV","SAV - SAVANNAH, GA, US","ATL - ATLANTA, GA, US","580025","APLL","","","06/10/2024 02:02","DICKS - DICK'S SPORTING GOODS, INC.","","","","06/10/2024 02:02","DAN","                       1.000","                       0.000","                       1.000","                       1.000","                      19.550","                    1311.140","","","","","","","","","Submitted","Not Submitted","","",
"ACB172030","ACB172030","TBA VL","1","EGLV - EVERGREEN LINE TA","","","HPZ - APL LOGISTICS VIETNAM - HAIPHONG BRANCH","","07/11/2024","08/01/2024","08/01/2024","DAN - DA NANG, NV","LAX - LOS ANGELES, CA, US","LAX - LOS ANGELES, CA, US","580025","APLL","","","06/10/2024 02:03","DICKS - DICK'S SPORTING GOODS, INC.","","","","06/10/2024 02:03","DAN","                       0.000","                       0.000","                       0.000","                       0.000","                      12.650","                     848.300","","","","","","","","","Submitted","Not Submitted","","",
"ACB172056","235400982982","UNI-PRUDENT","0274-430","EGLV - EVERGREEN LINE TA","","","SGN - APL LOGISTICS VIETNAM COMPANY LIMITED","","07/10/2024","08/22/2024","08/22/2024","CAR - BA RIA, VUNG TAU, NV","NYC - NEW YORK, NY, US","NYC - NEW YORK, NY, US","580320","APLL","","","06/10/2024 09:45","DICKS - DICK'S SPORTING GOODS, INC.","","","","06/10/2024 09:45","SGN","                       2.000","                       0.000","                       2.000","                       2.000","                      48.950","                    6057.340","","","","","","","","","Submitted","Not Submitted","","",
"ACB172057","235400982991","THALASSA AXIA","1262-050E","EGLV - EVERGREEN LINE TA","","","SGN - APL LOGISTICS VIETNAM COMPANY LIMITED","","07/08/2024","08/17/2024","08/20/2024","CAR - BA RIA, VUNG TAU, NV","SAV - SAVANNAH, GA, US","ATL - ATLANTA, GA, US","580324","APLL","","","06/10/2024 10:00","DICKS - DICK'S SPORTING GOODS, INC.","","","","06/10/2024 10:00","SGN","                       2.000","                       0.000","                       2.000","                       2.000","                      38.320","                    4541.510","","","","","","","","","Submitted","Not Submitted","","",
