﻿ACB#,CARR BKG,VSL,VOY,SCAC,CARR contract,CARR SVC,Carrier Booking Office,NVO uCarr,ETD,DISC ETA,DEST ETA,POL,DISC,DEST,AVOY#,BKG LOAD TYPE,CARR BKG CFM,CARR BKG STS UPDATE,CARR BKG submit,CUST,Issue Create,L.Relay,L.Relay ETD,Last updated,POR,std TEU booked,std TEU confirmed,std TEU Variance,TEU Variance,VOL (CBM),WT (KG),DELETED IN ACS,NVO Carr Issue,NVO Carr Issue Remark,Remarks,CREF1,CREF2,CREF3,CARR SVC TYPE,CARR BKG STS,CARR SUBMIT STS,Issue Code,ATD
,,,,,,,,,,,,,,,,,,,,,,,,,,,,,,,,,,,,,,,,,,,
,,,,,,,,,,,,,,,,,,,,,,,,,,,,,,,,,,,,,,,,,,,
,,,,,,,,,,,,,,,,,,,,,,,,,,,,,,,,,,,,,,,,,,,
,,,,,,,,,,,,,,,,,,,,,,,,,,,,,,,,,,,,,,,,,,,
,,,,,,,,,,,,,,,,,,,,,,,,,,,,,,,,,,,,,,,,,,,
