{"name":"c58b4271-b350-45ef-925b-a3c6340b1fb6","id":"/providers/Microsoft.Flow/flows/c58b4271-b350-45ef-925b-a3c6340b1fb6","type":"Microsoft.Flow/flows","properties":{"apiId":"/providers/Microsoft.PowerApps/apis/shared_logicflows","displayName":"CBSM Daily Report","definition":{"metadata":{"workflowEntityId":null,"processAdvisorMetadata":null,"flowChargedByPaygo":null,"flowclientsuspensionreason":"None","flowclientsuspensiontime":null,"flowclientsuspensionreasondetails":null,"creator":{"id":"f3dd5136-67e0-400b-8a18-585a6551a7c7","type":"User","tenantId":"2d11ad73-bbf6-493f-92c7-6ff0e038a955"},"provisioningMethod":"FromDefinition","failureAlertSubscription":true,"clientLastModifiedTime":"2024-06-04T09:20:42.2169665Z","connectionKeySavedTimeKey":"2024-06-04T09:20:42.2169665Z"},"$schema":"https://schema.management.azure.com/providers/Microsoft.Logic/schemas/2016-06-01/workflowdefinition.json#","contentVersion":"1.0.0.0","parameters":{"$authentication":{"defaultValue":{},"type":"SecureObject"},"$connections":{"defaultValue":{},"type":"Object"}},"triggers":{"When_a_file_is_created":{"recurrence":{"frequency":"Minute","interval":5},"metadata":{"b!gAtCAvTXr0GAOUV771paxtvkiyrd9p5EhK6VA8AQ2w3a9czWeaLoQ6y-6kcLcwoV.01TDMLKCXDS5FQGP5SHNFYM62JCLRU4JXZ":"/Documents/SQ/Projects/shared/cbsm/archived/daily","operationMetadataId":"fda6f946-4089-4882-a492-4385ad58939b"},"type":"OpenApiConnection","inputs":{"parameters":{"folderId":"b!gAtCAvTXr0GAOUV771paxtvkiyrd9p5EhK6VA8AQ2w3a9czWeaLoQ6y-6kcLcwoV.01TDMLKCXDS5FQGP5SHNFYM62JCLRU4JXZ","inferContentType":true},"host":{"apiId":"/providers/Microsoft.PowerApps/apis/shared_onedriveforbusiness","connectionName":"shared_onedriveforbusiness","operationId":"OnNewFileV2"},"authentication":"@parameters('$authentication')"}}},"actions":{"Send_an_email_(V2)":{"runAfter":{},"metadata":{"operationMetadataId":"4cf23655-bea5-438e-a0f5-57b201219f96"},"type":"OpenApiConnection","inputs":{"parameters":{"emailMessage/To":"CBSM_Daily_Report_Users_SEA@apllogistics.com","emailMessage/Subject":"SEA | CBSM - Daily Scheduled Report","emailMessage/Body":"<p><b><strong style=\"font-family: Arial; font-size: 11px;\">Please refer to the attachment for the daily update.</strong></b></p><p><b><strong style=\"font-family: Arial; font-size: 11px;\">We have further updated the DICKS report from Eleanor into this for a better view.</strong></b></p><br><p><b><strong style=\"font-family: Arial; font-size: 11px;\">For any concerns, don't hesitate to contact us directly as this is automated and cannot receive replies</strong></b><span style=\"font-family: Arial; font-size: 11px;\">.</span></p>","emailMessage/Cc":"SQ_SEA@apllogistics.com","emailMessage/Attachments":[{"Name":"@triggerOutputs()?['headers/x-ms-file-name-encoded']","ContentBytes":"@triggerOutputs()?['body']"}],"emailMessage/Importance":"High"},"host":{"apiId":"/providers/Microsoft.PowerApps/apis/shared_office365","connectionName":"shared_office365","operationId":"SendEmailV2"},"authentication":"@parameters('$authentication')"},"operationOptions":"DisableAsyncPattern, DisableAutomaticDecompression"}},"outputs":{}},"connectionReferences":{"shared_onedriveforbusiness":{"connectionName":"shared-onedriveforbu-38fd6dd7-cd70-45ec-a825-d1609e42bdd3","source":"Embedded","id":"/providers/Microsoft.PowerApps/apis/shared_onedriveforbusiness","tier":"NotSpecified"},"shared_office365":{"connectionName":"shared-office365-6031b50f-29c6-4113-9a20-ba48b720d187","source":"Embedded","id":"/providers/Microsoft.PowerApps/apis/shared_office365","tier":"NotSpecified"}},"flowFailureAlertSubscribed":false,"isManaged":false}}